open_timestamp_utc,close_timestamp_utc,open,high,low,close,volume
1555671600,1555675199,0.328128,0.329476,0.326688,0.328429,63907.62
1555675200,1555678799,0.326332,0.328901,0.325124,0.325124,17806.64
1555678800,1555682399,0.327093,0.327605,0.325112,0.326264,32193.97
1555682400,1555685999,0.325207,0.326365,0.324003,0.325798,24401.67
1555686000,1555689599,0.326075,0.328239,0.324157,0.328194,37276.58
1555689600,1555693199,0.328064,0.329333,0.3246,0.324602,103209.76
1555693200,1555696799,0.324999,0.32735,0.323534,0.327169,49076.34
1555696800,1555700399,0.325541,0.3281,0.32545,0.328099,21373.78
1555700400,1555703999,0.327688,0.330499,0.326728,0.328118,55824.76
1555704000,1555707599,0.328422,0.329677,0.3254,0.326224,50082.02
1555707600,1555711199,0.326142,0.328003,0.324602,0.327825,77288.05
1555711200,1555714799,0.326738,0.329542,0.326358,0.327999,51710.44
1555714800,1555718399,0.327999,0.330499,0.327146,0.327356,44146.81
1555718400,1555721999,0.327465,0.330031,0.327427,0.328442,17652.82
1555722000,1555725599,0.329487,0.330494,0.327535,0.329999,116473.77
1555725600,1555729199,0.33,0.330491,0.327543,0.327728,76253.27
1555729200,1555732799,0.32773,0.328999,0.327501,0.327788,21961.51
1555732800,1555736399,0.328962,0.329,0.327351,0.328389,44856.04
1555736400,1555739999,0.328995,0.329998,0.326827,0.328791,36372.69
1555740000,1555743599,0.329203,0.329222,0.327178,0.32832,34946.52
1555743600,1555747199,0.328061,0.329037,0.326626,0.32806,21949.58
1555747200,1555750799,0.328097,0.329057,0.326001,0.327282,12175.48
1555750800,1555754399,0.327096,0.328116,0.325514,0.327,36642.73
1555754400,1555757999,0.327,0.327003,0.321875,0.322406,22254.18
1555758000,1555761599,0.322406,0.3232,0.322405,0.322422,15911.67
1555761600,1555765199,0.323075,0.323987,0.322406,0.323466,51423.16
1555765200,1555768799,0.323665,0.323999,0.322405,0.322486,32301.98
1555768800,1555772399,0.323714,0.323999,0.321874,0.321891,37093.32
1555772400,1555775999,0.321887,0.323939,0.321015,0.322749,53629.66
1555776000,1555779599,0.321263,0.326466,0.32092,0.324186,168208.06
1555779600,1555783199,0.323565,0.324809,0.321763,0.323268,24509.3
1555783200,1555786799,0.323157,0.323708,0.321177,0.321443,35557.76
1555786800,1555790399,0.32265,0.323604,0.321216,0.323416,36681.39
1555790400,1555793999,0.323333,0.323494,0.322114,0.322145,39193.86
1555794000,1555797599,0.322144,0.322752,0.320011,0.321247,32795.89
1555797600,1555801199,0.321512,0.322154,0.320485,0.321003,38010.35
1555801200,1555804799,0.322138,0.3228,0.321219,0.322595,30644.8
1555804800,1555808399,0.322663,0.325498,0.321955,0.32463,63648.74
1555808400,1555811999,0.32549,0.3255,0.324103,0.3255,25225.35
1555812000,1555815599,0.3255,0.327072,0.324626,0.324952,66862.03
1555815600,1555819199,0.325005,0.325942,0.322343,0.322373,89802.27
1555819200,1555822799,0.323095,0.323421,0.321196,0.322314,42351.17
1555822800,1555826399,0.321443,0.323368,0.32,0.322774,229876.32
1555826400,1555829999,0.322773,0.323693,0.322502,0.322548,13954.64
1555830000,1555833599,0.323313,0.323695,0.321,0.321,12865.31
1555833600,1555837199,0.321,0.321001,0.310013,0.3126,110818.35
1555837200,1555840799,0.313681,0.313681,0.30855,0.30855,58958.62
1555840800,1555844399,0.30855,0.31258,0.306002,0.308963,47339.01
1555844400,1555847999,0.308963,0.310548,0.308274,0.308509,42723.3
1555848000,1555851599,0.3096,0.310629,0.305011,0.307974,135028.03
1555851600,1555855199,0.309155,0.310614,0.306744,0.308984,83140.23
1555855200,1555858799,0.309106,0.312422,0.307237,0.312422,133982.44
1555858800,1555862399,0.308484,0.312151,0.306924,0.309176,215737.02
1555862400,1555865999,0.308423,0.312527,0.308372,0.309747,46335.49
1555866000,1555869599,0.30926,0.311038,0.30785,0.310467,63370.03
1555869600,1555873199,0.310458,0.312579,0.3086,0.3088,79351.74
1555873200,1555876799,0.308801,0.310577,0.307901,0.310397,17487.74
1555876800,1555880399,0.310648,0.312124,0.309373,0.309888,14982.88
1555880400,1555883999,0.309888,0.320239,0.309888,0.312534,83351.36
1555884000,1555887599,0.311999,0.315791,0.311362,0.315791,46532.1
1555887600,1555891199,0.31579,0.316778,0.313582,0.315556,31415.32
1555891200,1555894799,0.316763,0.317094,0.313504,0.313725,92477.55
1555894800,1555898399,0.313601,0.314617,0.3136,0.313903,150850.46
1555898400,1555901999,0.313601,0.3142,0.3136,0.3136,152904.75
1555902000,1555905599,0.3136,0.314191,0.31067,0.312923,54695.81
1555905600,1555909199,0.311531,0.313557,0.310014,0.311324,71021.5
1555909200,1555912799,0.310941,0.313583,0.31094,0.312888,16145.82
1555912800,1555916399,0.312779,0.313185,0.310915,0.311719,25965.96
1555916400,1555919999,0.311774,0.312525,0.310914,0.31094,3037.91
1555920000,1555923599,0.310953,0.312902,0.310495,0.312901,40006.68
1555923600,1555927199,0.31259,0.315338,0.311864,0.315338,9998.78
1555927200,1555930799,0.315338,0.316922,0.314,0.316922,30824.47
1555930800,1555934399,0.316889,0.316999,0.31502,0.316509,26562.28
1555934400,1555937999,0.31515,0.317,0.314078,0.314078,121515.96
1555938000,1555941599,0.314474,0.315929,0.31253,0.312575,118287.71
1555941600,1555945199,0.31278,0.316735,0.312501,0.314725,79835.13
1555945200,1555948799,0.315452,0.316626,0.312511,0.314072,61474.98
1555948800,1555952399,0.314557,0.315636,0.3125,0.31379,153076.9
1555952400,1555955999,0.312649,0.315,0.312649,0.315,60547.5
1555956000,1555959599,0.315,0.31685,0.314198,0.316849,69890.35
1555959600,1555963199,0.316849,0.31685,0.313277,0.314997,55769.73
1555963200,1555966799,0.314997,0.317944,0.314996,0.315162,94765.45
1555966800,1555970399,0.315162,0.315368,0.31275,0.312931,140279.61
1555970400,1555973999,0.313272,0.315482,0.312505,0.314859,103462.38
1555974000,1555977599,0.31499,0.314996,0.312505,0.313845,30898.19
1555977600,1555981199,0.314118,0.315,0.312503,0.313706,50631.58
1555981200,1555984799,0.31377,0.313986,0.312653,0.313731,15506.02
1555984800,1555988399,0.313928,0.315,0.31292,0.314696,35708.73
1555988400,1555991999,0.313997,0.314992,0.31275,0.313058,67184.89
1555992000,1555995599,0.313014,0.315892,0.312451,0.315657,174592.76
1555995600,1555999199,0.315606,0.315892,0.312654,0.315042,21423.09
1555999200,1556002799,0.313742,0.316576,0.312252,0.31344,138663.22
1556002800,1556006399,0.312573,0.316384,0.312573,0.314198,98042.99
1556006400,1556009999,0.313988,0.316328,0.313408,0.313442,16913.76
1556010000,1556013599,0.313884,0.314306,0.3122,0.313258,16703.53
1556013600,1556017199,0.312549,0.313218,0.31052,0.310668,54763.09
1556017200,1556020799,0.310962,0.312763,0.3106,0.312497,37586.5
1556020800,1556024399,0.312367,0.312615,0.308717,0.310882,247182.38
1556024400,1556027999,0.309196,0.311197,0.307038,0.309152,112162.87
1556028000,1556031599,0.3085,0.311326,0.308,0.30926,159477.28
1556031600,1556035199,0.3098,0.311561,0.30801,0.308115,96036.13
1556035200,1556038799,0.308514,0.310851,0.308085,0.309524,69283.47
1556038800,1556042399,0.308512,0.31,0.308,0.309922,144369.92
1556042400,1556045999,0.309866,0.31,0.304545,0.306486,246871.85
1556046000,1556049599,0.306299,0.306699,0.304503,0.305403,117580.65
1556049600,1556053199,0.305796,0.306813,0.303083,0.305098,179853.36
1556053200,1556056799,0.305098,0.3051,0.303227,0.3051,111922.05
1556056800,1556060399,0.304378,0.307399,0.303227,0.304,132608.41
1556060400,1556063999,0.303229,0.30417,0.3029,0.303439,93122.64
1556064000,1556067599,0.30343,0.30399,0.3,0.30098,247467.04
1556067600,1556071199,0.301012,0.301012,0.293178,0.295714,231199.52
1556071200,1556074799,0.29571,0.300498,0.293717,0.296542,219276.6
1556074800,1556078399,0.295247,0.298697,0.29509,0.296317,91955.2
1556078400,1556081999,0.29509,0.298036,0.295,0.297823,53878.55
1556082000,1556085599,0.295063,0.299345,0.294214,0.296016,50928.45
1556085600,1556089199,0.2977,0.298883,0.294204,0.295649,63020.46
1556089200,1556092799,0.295602,0.295602,0.283001,0.283503,212761.01
1556092800,1556096399,0.285825,0.288883,0.282439,0.288883,72401.86
1556096400,1556099999,0.285418,0.288416,0.282675,0.282765,72124.48
1556100000,1556103599,0.283977,0.285575,0.281358,0.283561,97292.92
1556103600,1556107199,0.283274,0.285604,0.281102,0.284174,80820.64
1556107200,1556110799,0.2834,0.289798,0.2834,0.288568,257451.04
1556110800,1556114399,0.288498,0.290861,0.285815,0.288576,122548.29
1556114400,1556117999,0.2882,0.290613,0.283757,0.288377,102418.27
1556118000,1556121599,0.289668,0.293217,0.287003,0.289996,93286.7
1556121600,1556125199,0.288725,0.291738,0.283901,0.284568,179152.69
1556125200,1556128799,0.284568,0.289962,0.2814,0.282246,85225.28
1556128800,1556132399,0.281426,0.282892,0.280001,0.281224,137877.97
1556132400,1556135999,0.281321,0.295399,0.28044,0.292704,148636.07
1556136000,1556139599,0.292898,0.2989,0.292216,0.2989,136303.24
1556139600,1556143199,0.298899,0.298936,0.2959,0.296576,65468.56
1556143200,1556146799,0.296374,0.297004,0.293,0.293001,85796.78
1556146800,1556150399,0.293841,0.29412,0.287603,0.289461,182884.47
1556150400,1556153999,0.291228,0.293102,0.290144,0.291074,40590.91
1556154000,1556157599,0.291106,0.293429,0.290322,0.292935,48449.58
1556157600,1556161199,0.292927,0.292927,0.286059,0.287257,81750.2
1556161200,1556164799,0.28742,0.28742,0.281302,0.283336,76416.91
1556164800,1556168399,0.284335,0.287208,0.283277,0.285001,27447.84
1556168400,1556171999,0.285691,0.286501,0.281359,0.282995,48834.24
1556172000,1556175599,0.282991,0.285297,0.281257,0.282244,23115.57
1556175600,1556179199,0.28223,0.284374,0.281296,0.283137,26636.03
1556179200,1556182799,0.283893,0.285439,0.283208,0.284055,25795.01
1556182800,1556186399,0.285064,0.285064,0.282678,0.283342,4959.65
1556186400,1556189999,0.284616,0.287972,0.283805,0.286273,21997.07
1556190000,1556193599,0.286056,0.286056,0.28136,0.286054,228777.67
1556193600,1556197199,0.286516,0.286704,0.282363,0.28539,130543.42
1556197200,1556200799,0.284268,0.286043,0.283,0.28348,56232.42
1556200800,1556204399,0.284487,0.2845,0.2829,0.284401,125001.2
1556204400,1556207999,0.284498,0.286317,0.283302,0.285913,58401.53
1556208000,1556211599,0.286187,0.289662,0.285088,0.288683,167439.84
1556211600,1556215199,0.2887,0.294713,0.28783,0.292175,320027.13
1556215200,1556218799,0.292175,0.2947,0.288702,0.289803,53696.4
1556218800,1556222399,0.288886,0.290975,0.288752,0.290001,41500.9
1556222400,1556225999,0.290879,0.2909,0.287263,0.289189,65574.94
1556226000,1556229599,0.289195,0.290671,0.28,0.280001,173480.92
1556229600,1556233199,0.28,0.28362,0.267,0.275182,644890.37
1556233200,1556236799,0.277104,0.277105,0.267579,0.27122,229134.88
1556236800,1556240399,0.271162,0.272255,0.255423,0.272255,671130.92
1556240400,1556243999,0.272244,0.272244,0.258943,0.262474,408488.04
1556244000,1556247599,0.262474,0.271095,0.262,0.269499,363575.65
1556247600,1556251199,0.269499,0.2696,0.263503,0.268036,125854.14
1556251200,1556254799,0.267253,0.269598,0.264201,0.268157,84017.6
1556254800,1556258399,0.26688,0.269446,0.265576,0.267596,111980.36
1556258400,1556261999,0.266497,0.268071,0.26393,0.265086,47836.85
1556262000,1556265599,0.265223,0.266184,0.260681,0.263079,78626.12
1556265600,1556269199,0.262792,0.266957,0.262065,0.263983,25291.23
1556269200,1556272799,0.263829,0.265952,0.263045,0.26469,26280.65
1556272800,1556276399,0.264377,0.266807,0.263245,0.263557,39702.0
1556276400,1556279999,0.264628,0.267059,0.262002,0.264642,149471.97
1556280000,1556283599,0.261501,0.265829,0.261501,0.264874,170466.59
1556283600,1556287199,0.265332,0.267802,0.2642,0.266561,65214.12
1556287200,1556290799,0.26536,0.267619,0.264479,0.267004,83284.94
1556290800,1556294399,0.266691,0.266691,0.26041,0.264397,307905.01
1556294400,1556297999,0.264213,0.264213,0.2571,0.258039,655223.87
1556298000,1556301599,0.25945,0.262343,0.25809,0.262111,119254.3
1556301600,1556305199,0.262112,0.263112,0.257828,0.259903,85349.02
1556305200,1556308799,0.259855,0.261751,0.258671,0.261627,78089.14
1556308800,1556312399,0.261604,0.26222,0.260309,0.261988,71541.25
1556312400,1556315999,0.26185,0.262185,0.259482,0.261179,76511.29
1556316000,1556319599,0.262111,0.266354,0.262107,0.264761,151961.81
1556319600,1556323199,0.262823,0.265292,0.262341,0.26488,62743.07
1556323200,1556326799,0.265366,0.269799,0.26447,0.264975,207201.51
1556326800,1556330399,0.265087,0.268511,0.264599,0.26824,56019.36
1556330400,1556333999,0.268239,0.269795,0.264268,0.265374,66651.09
1556334000,1556337599,0.26432,0.266015,0.26392,0.265,94356.31
1556337600,1556341199,0.264995,0.267649,0.26296,0.267489,78803.7
1556341200,1556344799,0.267104,0.267104,0.264026,0.265883,31307.26
1556344800,1556348399,0.265797,0.270098,0.265797,0.269341,50015.77
1556348400,1556351999,0.269657,0.271379,0.268252,0.2713,48791.9
1556352000,1556355599,0.27138,0.272166,0.26903,0.271012,11511.23
1556355600,1556359199,0.271012,0.272439,0.270095,0.271945,26727.58
1556359200,1556362799,0.271945,0.271945,0.269813,0.271865,38298.92
1556362800,1556366399,0.270839,0.271945,0.27031,0.271587,38141.63
1556366400,1556369999,0.271945,0.273444,0.271,0.273302,44912.47
1556370000,1556373599,0.271008,0.274654,0.271002,0.274198,72814.37
1556373600,1556377199,0.274101,0.283926,0.273947,0.2802,264920.76
1556377200,1556380799,0.281061,0.283999,0.277993,0.280493,457429.83
1556380800,1556384399,0.282117,0.284789,0.280054,0.282415,217653.65
1556384400,1556387999,0.284384,0.284789,0.281658,0.284,219597.5
1556388000,1556391599,0.283127,0.28478,0.280092,0.28029,149141.27
1556391600,1556395199,0.282194,0.2848,0.28082,0.283509,101736.89
1556395200,1556398799,0.283662,0.286143,0.282016,0.283916,157650.48
1556398800,1556402399,0.285041,0.285043,0.281834,0.282692,267826.21
1556402400,1556405999,0.283503,0.284103,0.28178,0.281784,50655.52
1556406000,1556409599,0.281911,0.283056,0.280636,0.281191,54408.0
1556409600,1556413199,0.280692,0.283,0.280661,0.282999,47027.12
1556413200,1556416799,0.282992,0.283,0.281589,0.282901,37272.17
1556416800,1556420399,0.282816,0.282816,0.278085,0.279765,33884.78
1556420400,1556423999,0.279977,0.28,0.279623,0.28,38414.96
1556424000,1556427599,0.28,0.281554,0.27813,0.279401,127204.42
1556427600,1556431199,0.279393,0.281804,0.278988,0.279869,58323.59
1556431200,1556434799,0.279114,0.280071,0.277201,0.278129,69417.21
1556434800,1556438399,0.278041,0.279815,0.27793,0.279669,17322.35
1556438400,1556441999,0.279565,0.280145,0.277952,0.278057,23311.55
1556442000,1556445599,0.278942,0.278942,0.277138,0.277768,8095.54
1556445600,1556449199,0.27736,0.278067,0.276,0.277612,28111.89
1556449200,1556452799,0.277746,0.280375,0.276616,0.279063,47325.52
1556452800,1556456399,0.279446,0.279446,0.276152,0.276372,16600.58
1556456400,1556459999,0.276055,0.277953,0.273473,0.273474,47173.15
1556460000,1556463599,0.274546,0.274546,0.271111,0.272985,112720.29
1556463600,1556467199,0.273122,0.273931,0.272429,0.273526,22745.96
1556467200,1556470799,0.273386,0.27452,0.272162,0.273428,88662.61
1556470800,1556474399,0.273416,0.274627,0.271629,0.271731,30162.58
1556474400,1556477999,0.272249,0.272716,0.269168,0.271991,139377.28
1556478000,1556481599,0.271129,0.273334,0.268168,0.270067,105961.58
1556481600,1556485199,0.270074,0.27245,0.27001,0.27099,29764.25
1556485200,1556488799,0.270929,0.271317,0.26901,0.269965,27722.63
1556488800,1556492399,0.27009,0.272306,0.269269,0.270743,18254.65
1556492400,1556495999,0.27107,0.271776,0.269815,0.2717,18872.91
1556496000,1556499599,0.271506,0.273252,0.2705,0.272736,29232.73
1556499600,1556503199,0.272692,0.272692,0.2705,0.27159,33608.07
1556503200,1556506799,0.271587,0.272763,0.271,0.272662,67163.25
1556506800,1556510399,0.2722,0.273799,0.271284,0.273699,40278.61
1556510400,1556513999,0.2737,0.2737,0.271347,0.272303,57620.67
1556514000,1556517599,0.272975,0.273237,0.27168,0.272404,32262.43
1556517600,1556521199,0.272376,0.273568,0.271922,0.27309,9520.77
1556521200,1556524799,0.272783,0.274513,0.272233,0.272233,18572.71
1556524800,1556528399,0.272954,0.274287,0.271018,0.271055,16656.77
1556528400,1556531999,0.271055,0.274313,0.270502,0.270902,51800.48
1556532000,1556535599,0.27266,0.27266,0.27,0.270153,97088.66
1556535600,1556539199,0.270153,0.270396,0.26577,0.267606,69697.8
1556539200,1556542799,0.267535,0.267593,0.262021,0.2634,72527.15
1556542800,1556546399,0.262934,0.262934,0.256148,0.259164,369612.28
1556546400,1556549999,0.259242,0.264797,0.259242,0.260214,184352.72
1556550000,1556553599,0.261579,0.264682,0.260708,0.264077,94369.44
1556553600,1556557199,0.264001,0.266016,0.262954,0.26601,91649.94
1556557200,1556560799,0.264325,0.267553,0.264206,0.265897,27059.85
1556560800,1556564399,0.265897,0.266223,0.264,0.264008,32994.52
1556564400,1556567999,0.265023,0.265318,0.264,0.264002,31981.34
1556568000,1556571599,0.264,0.268065,0.263128,0.268065,67157.63
1556571600,1556575199,0.268563,0.27107,0.268563,0.268971,32907.37
1556575200,1556578799,0.268971,0.269965,0.265507,0.266806,51418.43
1556578800,1556582399,0.266356,0.269921,0.266215,0.268582,38681.15
1556582400,1556585999,0.26783,0.26945,0.26724,0.2687,110811.17
1556586000,1556589599,0.268586,0.26923,0.267077,0.269073,38480.13
1556589600,1556593199,0.2685,0.269239,0.267458,0.268748,26569.04
1556593200,1556596799,0.26747,0.269994,0.266857,0.268103,64007.75
1556596800,1556600399,0.269302,0.269827,0.266503,0.266855,24533.43
1556600400,1556603999,0.267066,0.267282,0.265282,0.265291,20676.87
1556604000,1556607599,0.266393,0.268117,0.265617,0.266872,28395.44
1556607600,1556611199,0.266869,0.26761,0.265296,0.267345,11841.01
1556611200,1556614799,0.267349,0.267649,0.265535,0.267145,3520.69
1556614800,1556618399,0.267322,0.269698,0.266919,0.267675,6141.6
1556618400,1556621999,0.267863,0.272,0.267757,0.270912,61269.41
1556622000,1556625599,0.270731,0.276721,0.27066,0.2765,40492.57
1556625600,1556629199,0.276315,0.277705,0.2755,0.277424,57361.19
1556629200,1556632799,0.277378,0.278848,0.2755,0.278846,73454.37
1556632800,1556636399,0.278846,0.28,0.276103,0.277445,183671.83
1556636400,1556639999,0.276376,0.278328,0.27619,0.276193,34759.78
1556640000,1556643599,0.277012,0.277848,0.275787,0.275787,27985.29
1556643600,1556647199,0.275788,0.275788,0.273633,0.274138,100904.68
1556647200,1556650799,0.27414,0.275483,0.273078,0.274081,90874.4
1556650800,1556654399,0.27409,0.274848,0.272701,0.274051,72605.05
1556654400,1556657999,0.27389,0.275996,0.272303,0.27353,151655.45
1556658000,1556661599,0.272473,0.275536,0.272473,0.274076,47943.85
1556661600,1556665199,0.274184,0.276705,0.273831,0.275585,125673.1
1556665200,1556668799,0.2768,0.285,0.275608,0.277,322122.86
1556668800,1556672399,0.277,0.281474,0.276245,0.278157,101823.76
1556672400,1556675999,0.2782,0.279987,0.277333,0.279275,77382.59
1556676000,1556679599,0.279218,0.2795,0.278395,0.279497,79909.23
1556679600,1556683199,0.279492,0.279497,0.276814,0.278515,36274.02
1556683200,1556686799,0.278869,0.278984,0.276907,0.278547,46199.24
1556686800,1556690399,0.278023,0.278952,0.277067,0.278467,186287.46
1556690400,1556693999,0.278497,0.278549,0.276587,0.278453,14075.54
1556694000,1556697599,0.277397,0.278572,0.277225,0.27857,18245.8
1556697600,1556701199,0.278503,0.278503,0.2763,0.276301,34700.09
1556701200,1556704799,0.276301,0.277911,0.276301,0.276305,21688.89
1556704800,1556708399,0.277273,0.277498,0.276305,0.276447,5415.61
1556708400,1556711999,0.276406,0.2776,0.276302,0.276614,20270.59
1556712000,1556715599,0.276369,0.277571,0.276,0.276631,49731.3
1556715600,1556719199,0.276,0.276665,0.2751,0.275101,73697.82
1556719200,1556722799,0.275101,0.277403,0.273282,0.277072,51712.51
1556722800,1556726399,0.276427,0.277308,0.273533,0.274012,73112.04
1556726400,1556729999,0.275057,0.27717,0.273696,0.274717,52552.6
1556730000,1556733599,0.274719,0.277389,0.274719,0.276772,33636.36
1556733600,1556737199,0.277389,0.277581,0.274717,0.274718,45128.87
1556737200,1556740799,0.274718,0.275942,0.272606,0.274494,48657.75
1556740800,1556744399,0.27422,0.275942,0.272806,0.274703,15615.08
1556744400,1556747999,0.273646,0.277179,0.270202,0.271771,287481.79
1556748000,1556751599,0.274022,0.274022,0.271065,0.272,49618.05
1556751600,1556755199,0.272001,0.277053,0.27182,0.274886,79427.01
1556755200,1556758799,0.274702,0.276124,0.272151,0.273917,34658.77
1556758800,1556762399,0.273655,0.274961,0.2721,0.27438,21857.63
1556762400,1556765999,0.274188,0.274994,0.272203,0.273963,27296.13
1556766000,1556769599,0.274009,0.27481,0.272122,0.273013,13399.65
1556769600,1556773199,0.273798,0.273799,0.272399,0.27247,22494.44
1556773200,1556776799,0.272441,0.273793,0.2722,0.273782,48434.36
1556776800,1556780399,0.273722,0.2738,0.272263,0.273539,43490.44
1556780400,1556783999,0.273756,0.274953,0.27277,0.273621,14222.11
1556784000,1556787599,0.27395,0.275778,0.273137,0.273736,20232.52
1556787600,1556791199,0.274023,0.274023,0.273141,0.273141,38017.26
1556791200,1556794799,0.273142,0.274399,0.273141,0.273815,10992.14
1556794800,1556798399,0.273142,0.273946,0.273141,0.273348,132929.49
1556798400,1556801999,0.273349,0.275537,0.273141,0.273613,47975.99
1556802000,1556805599,0.273141,0.274132,0.273141,0.273142,129377.28
1556805600,1556809199,0.273142,0.273142,0.270203,0.270354,78016.02
1556809200,1556812799,0.270335,0.2732,0.270012,0.271994,197594.94
1556812800,1556816399,0.273361,0.273361,0.268704,0.271142,114681.62
1556816400,1556819999,0.270432,0.273352,0.27,0.270004,48715.11
1556820000,1556823599,0.270463,0.27271,0.26919,0.271089,51639.78
1556823600,1556827199,0.272212,0.273634,0.270983,0.27146,54677.43
1556827200,1556830799,0.27146,0.27251,0.269819,0.270135,23415.42
1556830800,1556834399,0.270274,0.274623,0.270043,0.270273,74506.8
1556834400,1556837999,0.271064,0.27367,0.270004,0.270352,58410.5
1556838000,1556841599,0.27043,0.272348,0.269062,0.270459,38731.05
1556841600,1556845199,0.270369,0.270663,0.268004,0.269401,54004.18
1556845200,1556848799,0.269285,0.27021,0.266711,0.269554,109235.6
1556848800,1556852399,0.268514,0.270283,0.268514,0.27,79992.92
1556852400,1556855999,0.26988,0.270019,0.268069,0.269124,44777.7
1556856000,1556859599,0.269089,0.270152,0.268062,0.269578,54788.85
1556859600,1556863199,0.268003,0.269568,0.268002,0.268756,23365.76
1556863200,1556866799,0.268746,0.26879,0.265301,0.266039,56792.73
1556866800,1556870399,0.266039,0.26866,0.2653,0.26628,38320.1
1556870400,1556873999,0.265303,0.26879,0.265303,0.265321,83519.03
1556874000,1556877599,0.266745,0.278431,0.265302,0.274391,329437.88
1556877600,1556881199,0.277046,0.277046,0.270132,0.270683,172269.84
1556881200,1556884799,0.271931,0.275552,0.270204,0.273482,118654.1
1556884800,1556888399,0.273984,0.276789,0.273598,0.275777,88766.64
1556888400,1556891999,0.2748,0.28,0.2747,0.278157,339416.3
1556892000,1556895599,0.278166,0.279964,0.27461,0.274614,232398.87
1556895600,1556899199,0.274614,0.276535,0.273072,0.274048,203988.69
1556899200,1556902799,0.274009,0.276851,0.273789,0.275209,80478.99
1556902800,1556906399,0.273951,0.275541,0.271,0.273838,93816.51
1556906400,1556909999,0.27144,0.275975,0.271,0.275602,87488.45
1556910000,1556913599,0.275991,0.275991,0.272668,0.275671,38877.78
1556913600,1556917199,0.27557,0.275993,0.274228,0.27491,66560.57
1556917200,1556920799,0.27491,0.275964,0.274112,0.275855,69894.81
1556920800,1556924399,0.275278,0.277187,0.274217,0.27677,55476.62
1556924400,1556927999,0.277177,0.277189,0.274058,0.275256,73209.43
1556928000,1556931599,0.276785,0.2782,0.276058,0.27784,117622.11
1556931600,1556935199,0.277759,0.27821,0.276222,0.27821,154976.47
1556935200,1556938799,0.277787,0.278193,0.275201,0.276921,133435.27
1556938800,1556942399,0.276057,0.278,0.27422,0.275,76263.06
1556942400,1556945999,0.274997,0.274998,0.272002,0.2747,79693.63
1556946000,1556949599,0.274583,0.276764,0.272777,0.274748,21929.24
1556949600,1556953199,0.27462,0.274644,0.2719,0.273728,35434.54
1556953200,1556956799,0.274326,0.274484,0.273179,0.273734,32009.19
1556956800,1556960399,0.273675,0.273702,0.271822,0.273237,10009.59
1556960400,1556963999,0.273153,0.273203,0.271893,0.272457,22203.96
1556964000,1556967599,0.271941,0.272247,0.2705,0.270595,15250.47
1556967600,1556971199,0.271131,0.272107,0.27012,0.270807,19878.74
1556971200,1556974799,0.270143,0.271457,0.268112,0.269316,40746.03
1556974800,1556978399,0.2684,0.269245,0.26,0.260705,236260.85
1556978400,1556981999,0.2622,0.26532,0.260718,0.26532,72913.7
1556982000,1556985599,0.265137,0.265137,0.262933,0.263418,75630.08
1556985600,1556989199,0.263442,0.265491,0.262933,0.265483,212222.39
1556989200,1556992799,0.264332,0.265933,0.264299,0.265637,23337.18
1556992800,1556996399,0.265394,0.265769,0.263304,0.264519,35427.39
1556996400,1556999999,0.264468,0.265527,0.263442,0.2653,52289.25
1557000000,1557003599,0.264387,0.265716,0.263689,0.265504,58014.99
1557003600,1557007199,0.264493,0.269597,0.264493,0.266588,78630.4
1557007200,1557010799,0.266,0.268355,0.265958,0.266036,58329.35
1557010800,1557014399,0.266147,0.26805,0.2651,0.2662,21122.28
1557014400,1557017999,0.266192,0.267434,0.263301,0.263926,76172.34
1557018000,1557021599,0.26454,0.2656,0.263681,0.264086,48539.95
1557021600,1557025199,0.264242,0.268581,0.264219,0.265767,15328.26
1557025200,1557028799,0.266496,0.267681,0.265228,0.266538,43311.23
1557028800,1557032399,0.266129,0.267555,0.264004,0.264182,107005.98
1557032400,1557035999,0.264181,0.265905,0.26418,0.265905,45312.51
1557036000,1557039599,0.265301,0.266846,0.26458,0.26515,16991.68
1557039600,1557043199,0.26532,0.265549,0.264,0.264738,32925.84
1557043200,1557046799,0.264,0.264308,0.261771,0.261801,55433.42
1557046800,1557050399,0.26317,0.263341,0.2614,0.261888,24639.44
1557050400,1557053999,0.262932,0.26445,0.260973,0.262719,50934.38
1557054000,1557057599,0.264435,0.264435,0.261671,0.262356,19315.08
1557057600,1557061199,0.262124,0.26985,0.261606,0.26985,206843.62
1557061200,1557064799,0.269616,0.269616,0.262128,0.264876,47041.15
1557064800,1557068399,0.265197,0.266464,0.263564,0.265549,45181.79
1557068400,1557071999,0.265245,0.265643,0.2644,0.26462,12496.71
1557072000,1557075599,0.264622,0.265748,0.263905,0.264612,50862.27
1557075600,1557079199,0.264609,0.264627,0.262845,0.264196,31406.07
1557079200,1557082799,0.263919,0.2652,0.26167,0.2652,17026.03
1557082800,1557086399,0.265197,0.265759,0.2644,0.264475,42359.29
1557086400,1557089999,0.264475,0.266612,0.264475,0.266612,20828.42
1557090000,1557093599,0.266618,0.267667,0.265199,0.266838,34003.51
1557093600,1557097199,0.266838,0.266852,0.263738,0.265448,106114.68
1557097200,1557100799,0.265352,0.266566,0.263142,0.264892,72034.14
1557100800,1557104399,0.265541,0.265737,0.261122,0.2612,43351.23
1557104400,1557107999,0.261287,0.262107,0.26,0.260651,358727.88
1557108000,1557111599,0.260904,0.262679,0.26015,0.262668,73520.38
1557111600,1557115199,0.262668,0.262676,0.26105,0.262185,52682.75
1557115200,1557118799,0.262178,0.263119,0.260001,0.262785,82811.9
1557118800,1557122399,0.262292,0.264345,0.261728,0.263329,36797.49
1557122400,1557125999,0.262212,0.264127,0.26105,0.261089,25181.67
1557126000,1557129599,0.261051,0.262313,0.26,0.260929,62023.17
1557129600,1557133199,0.260001,0.261186,0.26,0.26,69416.9
1557133200,1557136799,0.260014,0.262935,0.26,0.261571,17969.54
1557136800,1557140399,0.262409,0.264185,0.261851,0.263148,11005.14
1557140400,1557143999,0.263082,0.265286,0.262564,0.264376,28310.73
1557144000,1557147599,0.264663,0.265436,0.262918,0.263031,23677.75
1557147600,1557151199,0.263537,0.264199,0.261942,0.262181,25339.02
1557151200,1557154799,0.262077,0.26686,0.262077,0.266786,76280.01
1557154800,1557158399,0.2663,0.268999,0.2663,0.268995,145539.39
1557158400,1557161999,0.268998,0.274283,0.268738,0.273738,591238.98
1557162000,1557165599,0.273434,0.273741,0.270181,0.2735,62556.01
1557165600,1557169199,0.273212,0.275889,0.273212,0.275889,122668.22
1557169200,1557172799,0.27588,0.277046,0.27545,0.276,61358.13
1557172800,1557176399,0.275918,0.277,0.267447,0.276175,397980.83
1557176400,1557179999,0.277,0.279454,0.275985,0.278343,91675.72
1557180000,1557183599,0.27734,0.279876,0.276648,0.279777,90465.65
1557183600,1557187199,0.279777,0.279777,0.275779,0.276604,133143.06
1557187200,1557190799,0.275865,0.28,0.275613,0.279998,105595.79
1557190800,1557194399,0.279996,0.28,0.278305,0.279372,110484.35
1557194400,1557197999,0.279393,0.2815,0.278587,0.2815,279227.36
1557198000,1557201599,0.280214,0.28245,0.274764,0.276229,372081.03
1557201600,1557205199,0.276034,0.277822,0.27518,0.276673,30424.21
1557205200,1557208799,0.276854,0.2779,0.275563,0.276344,15401.85
1557208800,1557212399,0.276342,0.276607,0.275134,0.275265,26560.67
1557212400,1557215999,0.275908,0.276257,0.274225,0.274639,16838.26
1557216000,1557219599,0.274799,0.275534,0.274,0.274,8915.86
1557219600,1557223199,0.274,0.274999,0.271184,0.274881,120894.26
1557223200,1557226799,0.274157,0.274509,0.270787,0.272293,97094.84
1557226800,1557230399,0.270959,0.272402,0.27021,0.272372,40544.72
1557230400,1557233999,0.27235,0.272401,0.2699,0.269904,66878.06
1557234000,1557237599,0.271188,0.271856,0.269239,0.271477,39095.89
1557237600,1557241199,0.271739,0.27223,0.263912,0.264927,224993.01
1557241200,1557244799,0.264927,0.266491,0.264023,0.265771,64751.27
1557244800,1557248399,0.266421,0.267817,0.264061,0.265975,157886.14
1557248400,1557251999,0.266768,0.266768,0.265,0.265255,48116.91
1557252000,1557255599,0.265255,0.265295,0.264,0.264521,59121.11
1557255600,1557259199,0.26446,0.265592,0.261231,0.264237,184158.55
1557259200,1557262799,0.262915,0.264591,0.261614,0.264189,231049.05
1557262800,1557266399,0.2635,0.266127,0.262505,0.265668,116650.11
1557266400,1557269999,0.265206,0.266119,0.263687,0.265332,42743.97
1557270000,1557273599,0.265524,0.265846,0.260001,0.261655,338492.39
1557273600,1557277199,0.261645,0.261645,0.257027,0.257795,361677.54
1557277200,1557280799,0.257794,0.260879,0.257083,0.260091,112693.99
1557280800,1557284399,0.259719,0.260473,0.258419,0.259824,35222.23
1557284400,1557287999,0.2589,0.260299,0.257621,0.259659,122203.1
1557288000,1557291599,0.259625,0.262082,0.258531,0.260684,38409.17
1557291600,1557295199,0.261605,0.263604,0.261262,0.261626,39244.18
1557295200,1557298799,0.261251,0.264094,0.261251,0.263503,23498.3
1557298800,1557302399,0.263482,0.264615,0.260908,0.261559,15822.14
1557302400,1557305999,0.262286,0.264505,0.261209,0.262422,29928.16
1557306000,1557309599,0.263009,0.264345,0.261771,0.263301,4111.96
1557309600,1557313199,0.263166,0.264615,0.262547,0.264615,19725.96
1557313200,1557316799,0.264615,0.265846,0.263843,0.26474,15226.18
1557316800,1557320399,0.264874,0.266369,0.264762,0.266352,44974.31
1557320400,1557323999,0.265218,0.266351,0.263393,0.266291,95406.5
1557324000,1557327599,0.266294,0.266396,0.262962,0.265997,43166.73
1557327600,1557331199,0.266,0.2667,0.264877,0.2667,43466.73
1557331200,1557334799,0.266699,0.2667,0.265002,0.265055,16723.51
1557334800,1557338399,0.265057,0.266812,0.263252,0.263812,78872.29
1557338400,1557341999,0.263849,0.266711,0.263849,0.265218,26902.16
1557342000,1557345599,0.2653,0.266686,0.264773,0.266679,24485.48
1557345600,1557349199,0.265544,0.268999,0.26476,0.266807,207655.54
1557349200,1557352799,0.26839,0.26839,0.264855,0.266002,37987
1557352800,1557356399,0.267195,0.27214,0.266,0.269787,84094.9
1557356400,1557359999,0.269687,0.27086,0.266246,0.266246,94979.78
1557360000,1557363599,0.268728,0.270191,0.26677,0.270191,48142.19
1557363600,1557367199,0.270142,0.271925,0.268329,0.2695,115043.09
1557367200,1557370799,0.270759,0.270759,0.266548,0.26851,144778.23
1557370800,1557374399,0.268457,0.26899,0.266439,0.266439,75264.35
1557374400,1557377999,0.267654,0.267999,0.26602,0.267906,59059.63
1557378000,1557381599,0.267716,0.267977,0.262002,0.264414,85624.15
1557381600,1557385199,0.263002,0.264915,0.261376,0.263964,66660.68
1557385200,1557388799,0.262804,0.262889,0.261,0.261,12201.65
1557388800,1557392399,0.261054,0.262827,0.2605,0.260755,23296.66
1557392400,1557395999,0.2605,0.26309,0.26,0.26,36486.03
1557396000,1557399599,0.260043,0.261567,0.260043,0.261354,15643.81
1557399600,1557403199,0.261313,0.261436,0.257545,0.257545,35607.75
1557403200,1557406799,0.258835,0.25953,0.254236,0.255924,176013.05
1557406800,1557410399,0.255872,0.258024,0.254312,0.257585,46770.38
1557410400,1557413999,0.257564,0.258121,0.25424,0.255709,127906.99
1557414000,1557417599,0.255529,0.258379,0.25424,0.255701,235932.06
1557417600,1557421199,0.254231,0.257974,0.252504,0.257094,81052.28
1557421200,1557424799,0.253015,0.256846,0.251027,0.25345,201978.71
1557424800,1557428399,0.251428,0.254977,0.251407,0.253422,106152.7
1557428400,1557431999,0.253307,0.254882,0.251575,0.253157,68746.67
1557432000,1557435599,0.253117,0.255452,0.251657,0.254286,132811.19
1557435600,1557439199,0.252047,0.254794,0.252045,0.252427,61542.32
1557439200,1557442799,0.253891,0.254962,0.25224,0.253966,67819.19
1557442800,1557446399,0.252659,0.256485,0.25257,0.256037,186171.15
1557446400,1557449999,0.256013,0.2565,0.252987,0.256479,156399.94
1557450000,1557453599,0.254084,0.2565,0.253746,0.255105,41642.11
1557453600,1557457199,0.256495,0.2565,0.253815,0.255003,79121.55
1557457200,1557460799,0.255,0.2565,0.2536,0.255293,173772.49
1557460800,1557464399,0.255768,0.261495,0.2536,0.260994,179944.71
1557464400,1557467999,0.261,0.261073,0.25983,0.260137,65367
1557468000,1557471599,0.260119,0.261073,0.260003,0.260986,30497.44
1557471600,1557475199,0.261,0.261984,0.259002,0.259059,41852.19
1557475200,1557478799,0.259955,0.260625,0.257176,0.258591,21542.1
1557478800,1557482399,0.257175,0.259564,0.256,0.259487,41043.85
1557482400,1557485999,0.258128,0.262,0.258128,0.260588,77421.85
1557486000,1557489599,0.260479,0.260906,0.258,0.258635,56574.34
1557489600,1557493199,0.258633,0.262349,0.256507,0.261481,101183.18
1557493200,1557496799,0.259886,0.262248,0.259565,0.259659,82434.5
1557496800,1557500399,0.259655,0.262999,0.259655,0.260043,116622.07
1557500400,1557503999,0.260051,0.262983,0.259177,0.261964,101271.85
1557504000,1557507599,0.260833,0.262779,0.258305,0.261474,159850.96
1557507600,1557511199,0.26146,0.264,0.258231,0.263987,144692.39
1557511200,1557514799,0.263001,0.265,0.261112,0.263484,188019.43
1557514800,1557518399,0.263394,0.263394,0.259282,0.261106,83440.67
1557518400,1557521999,0.2616,0.263271,0.257143,0.257567,118197.14
1557522000,1557525599,0.259722,0.261059,0.257695,0.260119,101740.38
1557525600,1557529199,0.260989,0.2645,0.259758,0.261771,118396.77
1557529200,1557532799,0.262949,0.264499,0.261117,0.262449,95622.47
1557532800,1557536399,0.263831,0.264798,0.262494,0.263755,71922.42
1557536400,1557539999,0.263255,0.265,0.26305,0.264998,132978.55
1557540000,1557543599,0.264998,0.26601,0.263059,0.265999,224252.88
1557543600,1557547199,0.265516,0.266995,0.261388,0.263891,342129.63
1557547200,1557550799,0.263693,0.26996,0.261449,0.265031,173240.45
1557550800,1557554399,0.266784,0.269529,0.264538,0.266972,38537.38
1557554400,1557557999,0.266966,0.269999,0.264396,0.267799,177276
1557558000,1557561599,0.268623,0.26889,0.265718,0.26814,72391.44
1557561600,1557565199,0.268016,0.27,0.265908,0.27,72305.84
1557565200,1557568799,0.27,0.274226,0.268955,0.273632,119131.43
1557568800,1557572399,0.273531,0.280975,0.272304,0.280871,209686.43
1557572400,1557575999,0.279034,0.281,0.272029,0.275068,200902.47
1557576000,1557579599,0.273144,0.275427,0.2695,0.27251,168024.84
1557579600,1557583199,0.272828,0.274938,0.272827,0.2746,124379.24
1557583200,1557586799,0.273829,0.276,0.273069,0.275648,127108.84
1557586800,1557590399,0.275631,0.28,0.274544,0.279499,238935.24
1557590400,1557593999,0.278476,0.280457,0.275901,0.279002,338436.23
1557594000,1557597599,0.280365,0.283,0.278506,0.283,533372.31
1557597600,1557601199,0.283,0.2875,0.282203,0.284292,581537.07
1557601200,1557604799,0.285,0.299,0.282448,0.298683,470346.65
1557604800,1557608399,0.294151,0.3085,0.29415,0.299754,588725.7
1557608400,1557611999,0.300002,0.302307,0.290073,0.295252,473419.62
1557612000,1557615599,0.295252,0.303998,0.294333,0.298742,547703.28
1557615600,1557619199,0.300345,0.3079,0.292456,0.293714,784384.95
1557619200,1557622799,0.293041,0.298051,0.2799,0.285216,481499.78
1557622800,1557626399,0.281862,0.285158,0.281862,0.285151,390428.72
1557626400,1557629999,0.285151,0.288753,0.284,0.284,244070.27
1557630000,1557633599,0.285731,0.28788,0.281308,0.286064,219898.14
1557633600,1557637199,0.28602,0.287416,0.282829,0.287,57096.67
1557637200,1557640799,0.287,0.2942,0.286,0.29309,142287.68
1557640800,1557644399,0.293916,0.293916,0.287527,0.291473,314277.28
1557644400,1557647999,0.29145,0.29397,0.288623,0.292697,86156.27
1557648000,1557651599,0.293236,0.294195,0.28,0.285172,336627.28
1557651600,1557655199,0.285229,0.290888,0.280003,0.280066,103143.48
1557655200,1557658799,0.280258,0.28459,0.276,0.277613,129504.27
1557658800,1557662399,0.276185,0.279893,0.273,0.274165,82589.35
1557662400,1557665999,0.277471,0.278,0.273001,0.276089,66640.59
1557666000,1557669599,0.277998,0.281899,0.275038,0.27692,158246.08
1557669600,1557673199,0.276816,0.277785,0.268499,0.268499,179375.24
1557673200,1557676799,0.268,0.27,0.262301,0.264019,417700
1557676800,1557680399,0.265979,0.269929,0.264064,0.267843,272899.91
1557680400,1557683999,0.267725,0.268999,0.266007,0.267998,126167.92
1557684000,1557687599,0.267205,0.273998,0.263019,0.27395,343292.13
1557687600,1557691199,0.273946,0.273946,0.269117,0.271736,85567.33
1557691200,1557694799,0.271451,0.279799,0.270401,0.278901,166919.08
1557694800,1557698399,0.277082,0.279797,0.274407,0.278492,203084.42
1557698400,1557701999,0.278492,0.27873,0.270001,0.273932,77656.65
1557702000,1557705599,0.273979,0.273998,0.27,0.272728,58120.7
1557705600,1557709199,0.27246,0.278586,0.270503,0.276042,118407.92
1557709200,1557712799,0.276294,0.279584,0.275504,0.275584,34815.09
1557712800,1557716399,0.275642,0.276693,0.2734,0.275935,45860.62
1557716400,1557719999,0.27593,0.277238,0.273553,0.274759,70517.71
1557720000,1557723599,0.274454,0.278612,0.273508,0.27819,31067.05
1557723600,1557727199,0.278486,0.279584,0.274907,0.274907,98706.94
1557727200,1557730799,0.276535,0.27829,0.274824,0.276747,28817.41
1557730800,1557734399,0.277854,0.278731,0.275526,0.276255,16818.08
1557734400,1557737999,0.276833,0.278872,0.275936,0.27864,19082.88
1557738000,1557741599,0.277631,0.286012,0.277411,0.282118,126738.05
1557741600,1557745199,0.282127,0.285955,0.279849,0.285784,25886.02
1557745200,1557748799,0.284261,0.297,0.283705,0.2856,265750.38
1557748800,1557752399,0.28368,0.289993,0.283021,0.28917,106795.21
1557752400,1557755999,0.289149,0.289376,0.28412,0.284127,78572.64
1557756000,1557759599,0.28412,0.2875,0.279644,0.286359,226437.25
1557759600,1557763199,0.286322,0.294999,0.283913,0.288815,699284.57
1557763200,1557766799,0.287345,0.293,0.286012,0.290406,233142.15
1557766800,1557770399,0.290329,0.290329,0.281203,0.283219,221059.42
1557770400,1557773999,0.283026,0.285,0.280012,0.28416,187608
1557774000,1557777599,0.282461,0.284889,0.281717,0.283686,138171.99
1557777600,1557781199,0.283529,0.284888,0.280742,0.283048,176492.53
1557781200,1557784799,0.282033,0.28867,0.282033,0.284707,327576.5
1557784800,1557788399,0.283116,0.285875,0.280665,0.280672,303874.02
1557788400,1557791999,0.280666,0.282977,0.274,0.281213,375192.4
1557792000,1557795599,0.281064,0.28315,0.276718,0.283025,120230.8
1557795600,1557799199,0.282873,0.28481,0.279864,0.284786,173614.04
1557799200,1557802799,0.28222,0.286021,0.279971,0.285691,253476.55
1557802800,1557806399,0.285678,0.293,0.282054,0.29184,535329.92
1557806400,1557809999,0.291983,0.299805,0.29021,0.299742,472922.58
1557810000,1557813599,0.298771,0.3075,0.295418,0.298057,536665.12
1557813600,1557817199,0.298066,0.30195,0.298,0.299157,224728.45
1557817200,1557820799,0.29933,0.3057,0.297603,0.303005,190158.9
1557820800,1557824399,0.303115,0.305684,0.290001,0.290006,169219.58
1557824400,1557827999,0.290002,0.30198,0.290001,0.298273,111871.32
1557828000,1557831599,0.298266,0.302592,0.290112,0.292395,169222.02
1557831600,1557835199,0.295459,0.299957,0.292396,0.299625,83138.72
1557835200,1557838799,0.299588,0.299588,0.29241,0.297316,279596.84
1557838800,1557842399,0.297296,0.30248,0.295011,0.301415,159073.47
1557842400,1557845999,0.301415,0.302593,0.295611,0.299999,301485.07
1557846000,1557849599,0.299999,0.307366,0.2998,0.305,432903.6
1557849600,1557853199,0.302609,0.304997,0.292733,0.303999,479345.36
1557853200,1557856799,0.300927,0.304,0.29889,0.302005,284987.51
1557856800,1557860399,0.302029,0.304,0.294068,0.299402,321799.77
1557860400,1557863999,0.299363,0.299366,0.29072,0.29561,342738.15
1557864000,1557867599,0.295531,0.299639,0.290812,0.292369,534374.07
1557867600,1557871199,0.292473,0.297699,0.291637,0.296454,167327.15
1557871200,1557874799,0.296438,0.299644,0.295134,0.299644,301437.61
1557874800,1557878399,0.299059,0.3039,0.299059,0.303882,153728.55
1557878400,1557881999,0.303868,0.30769,0.301629,0.306017,332108.28
1557882000,1557885599,0.306006,0.33355,0.305509,0.33355,825495.2
1557885600,1557889199,0.333549,0.34,0.324,0.328505,1251935.26
1557889200,1557892799,0.325,0.33374,0.320169,0.333709,542510.4
1557892800,1557896399,0.333709,0.335819,0.330322,0.331083,485332.56
1557896400,1557899999,0.332659,0.332686,0.321101,0.326729,422646
1557900000,1557903599,0.3281,0.334798,0.326735,0.331001,262939.43
1557903600,1557907199,0.332932,0.332978,0.324735,0.330086,141852.64
1557907200,1557910799,0.325187,0.331017,0.323005,0.328532,102858.24
1557910800,1557914399,0.325997,0.3325,0.325997,0.332499,90726.01
1557914400,1557917999,0.332496,0.3348,0.329051,0.329915,155979.83
1557918000,1557921599,0.333951,0.335789,0.326819,0.335572,220974.97
1557921600,1557925199,0.335547,0.335548,0.328116,0.330799,307501.52
1557925200,1557928799,0.330817,0.335819,0.32503,0.326147,408826.83
1557928800,1557932399,0.32969,0.333879,0.32525,0.330877,271566.32
1557932400,1557935999,0.33253,0.341321,0.330852,0.33801,453200.86
1557936000,1557939599,0.338003,0.351,0.336427,0.351,570584.93
1557939600,1557943199,0.351,0.367289,0.349043,0.367,961974.89
1557943200,1557946799,0.365004,0.39,0.34392,0.3481,1791830.36
1557946800,1557950399,0.3481,0.374566,0.344,0.373241,1368615.81
1557950400,1557953999,0.373162,0.373272,0.355435,0.364337,874428.62
1557954000,1557957599,0.362232,0.367486,0.357212,0.363281,656569.07
1557957600,1557961199,0.366691,0.367195,0.357807,0.362563,740407.83
1557961200,1557964799,0.362595,0.366997,0.360324,0.363902,823423.5
1557964800,1557968399,0.363908,0.377999,0.363601,0.3765,1005661.99
1557968400,1557971999,0.375635,0.379,0.369616,0.374997,1314712.51
1557972000,1557975599,0.373799,0.38214,0.372465,0.379986,770857.2
1557975600,1557979199,0.379986,0.383982,0.372342,0.374903,851382.94
1557979200,1557982799,0.372775,0.374986,0.338,0.342239,1418462.02
1557982800,1557986399,0.348849,0.359979,0.34223,0.351071,551929.26
1557986400,1557989999,0.349336,0.367108,0.348279,0.366783,283333.14
1557990000,1557993599,0.36462,0.368242,0.353005,0.355544,278343.52
1557993600,1557997199,0.355203,0.35781,0.350465,0.352,166078.66
1557997200,1558000799,0.350849,0.353969,0.34,0.34,95553.03
1558000800,1558004399,0.34,0.343089,0.325,0.33094,341186.21
1558004400,1558007999,0.330798,0.338622,0.325217,0.332816,172999.37
1558008000,1558011599,0.33165,0.334997,0.328318,0.328318,469524.09
1558011600,1558015199,0.328318,0.332983,0.325004,0.326433,384168.66
1558015200,1558018799,0.326176,0.34339,0.326176,0.343323,554796.72
1558018800,1558022399,0.341213,0.356986,0.340468,0.352554,283446.36
1558022400,1558025999,0.352619,0.357,0.3433,0.343337,444658.58
1558026000,1558029599,0.343337,0.344732,0.337,0.338335,305500.68
1558029600,1558033199,0.337038,0.344702,0.337038,0.340061,255731.95
1558033200,1558036799,0.339989,0.339989,0.3293,0.330968,187537.71
1558036800,1558040399,0.331015,0.336664,0.3254,0.3254,248592.56
1558040400,1558043999,0.3254,0.339998,0.325,0.337023,542169.23
1558044000,1558047599,0.335558,0.341791,0.3355,0.3355,255907.33934
1558047600,1558051199,0.3355,0.337728,0.332062,0.334824,192630.2229
1558051200,1558054799,0.334824,0.340139,0.332062,0.333806,182037.59764
1558054800,1558058399,0.332086,0.333703,0.315004,0.317049,650601.61241
1558058400,1558061999,0.318983,0.322794,0.3026,0.3026,484883.3498
1558062000,1558065599,0.307443,0.314286,0.2917,0.304601,2312787.76424
1558065600,1558069199,0.305994,0.317999,0.304191,0.308748,541433.4007
1558069200,1558072799,0.307252,0.314998,0.303426,0.308176,227058.87962
1558072800,1558076399,0.310199,0.310392,0.303699,0.305883,80813.5003
1558076400,1558079999,0.305649,0.309987,0.303825,0.309331,79548.98121
1558080000,1558083599,0.309312,0.309848,0.303402,0.306846,78697.32861
1558083600,1558087199,0.308571,0.308571,0.304359,0.306312,20578.0791
1558087200,1558090799,0.306397,0.308676,0.303382,0.305097,103744.04305
1558090800,1558094399,0.307145,0.308726,0.2952,0.296396,198064.31958
1558094400,1558097999,0.297449,0.302173,0.291,0.301249,413337.18438
1558098000,1558101599,0.302113,0.311579,0.298755,0.310275,160686.44165
1558101600,1558105199,0.311999,0.315991,0.309558,0.310194,278676.04912
1558105200,1558108799,0.310197,0.312606,0.301014,0.301014,169822.2276
1558108800,1558112399,0.304091,0.309999,0.295567,0.302212,201876.14744
1558112400,1558115999,0.301761,0.305473,0.298307,0.298307,135479.44721
1558116000,1558119599,0.301281,0.304797,0.298261,0.304375,130773.45918
1558119600,1558123199,0.304361,0.306694,0.300885,0.303993,175997.05725
1558123200,1558126799,0.303963,0.30434,0.300372,0.302972,68603.83275
1558126800,1558130399,0.302986,0.31,0.301902,0.31,164056.99533
1558130400,1558133999,0.31,0.312465,0.305995,0.309936,203474.2465
1558134000,1558137599,0.309912,0.31495,0.309001,0.314874,514220.20105
1558137600,1558141199,0.314598,0.318818,0.310302,0.311533,240862.33919
1558141200,1558144799,0.311437,0.315725,0.310126,0.311862,80337.06588
1558144800,1558148399,0.312276,0.316999,0.311184,0.31566,135856.85549
1558148400,1558151999,0.314467,0.318574,0.314467,0.317999,136952.19372
1558152000,1558155599,0.31721,0.321889,0.315005,0.318641,203029.35675
1558155600,1558159199,0.318655,0.322493,0.315541,0.315541,218789.76892
1558159200,1558162799,0.31899,0.321508,0.315504,0.319149,118954.92179
1558162800,1558166399,0.319065,0.319065,0.312001,0.312336,176639.67731
1558166400,1558169999,0.31256,0.317949,0.31256,0.315336,54292.22302
1558170000,1558173599,0.313809,0.315163,0.308067,0.310731,91565.65731
1558173600,1558177199,0.313674,0.314286,0.309216,0.312463,31000.10842
1558177200,1558180799,0.312052,0.31495,0.312052,0.313508,27721.37801
1558180800,1558184399,0.314474,0.317652,0.3135,0.315879,69072.74974
1558184400,1558187999,0.315001,0.319977,0.311814,0.317686,164002.69615
1558188000,1558191599,0.320226,0.322701,0.318182,0.321765,126522.52928
1558191600,1558195199,0.321665,0.327368,0.318142,0.327368,190666.04425
1558195200,1558198799,0.327367,0.333994,0.324326,0.329088,186272.71042
1558198800,1558202399,0.329343,0.339988,0.327387,0.339474,470254.54422
1558202400,1558205999,0.33945,0.339588,0.323196,0.329455,335761.27593
1558206000,1558209599,0.329145,0.329844,0.323054,0.326457,99440.49295
1558209600,1558213199,0.325955,0.327254,0.323,0.324333,99736.14228
1558213200,1558216799,0.326241,0.329241,0.323292,0.328346,126483.67639
1558216800,1558220399,0.328199,0.32872,0.325196,0.327089,68146.20238
1558220400,1558223999,0.326986,0.327196,0.323008,0.324351,116214.02684
1558224000,1558227599,0.3243,0.327524,0.321329,0.321363,156193.85087
1558227600,1558231199,0.321642,0.332,0.321642,0.32592,195765.38854
1558231200,1558234799,0.3274,0.33825,0.32653,0.33662,476655.34239
1558234800,1558238399,0.336501,0.339587,0.332534,0.339584,240887.40825
1558238400,1558241999,0.339584,0.33975,0.335338,0.335539,251114.38489
1558242000,1558245599,0.338982,0.338982,0.333975,0.336903,76695.97973
1558245600,1558249199,0.3356,0.336968,0.335413,0.33659,53480.10464
1558249200,1558252799,0.33659,0.339749,0.335435,0.339736,175470.43827
1558252800,1558256399,0.338676,0.341499,0.335649,0.340339,88511.02714
1558256400,1558259999,0.33906,0.344182,0.338533,0.343905,135287.30071
1558260000,1558263599,0.344173,0.344173,0.338197,0.341656,131575.73498
1558263600,1558267199,0.341175,0.343894,0.335645,0.336625,94543.4674
1558267200,1558270799,0.33656,0.338769,0.328121,0.337171,309042.73675
1558270800,1558274399,0.332107,0.337047,0.328661,0.329604,128347.12907
1558274400,1558277999,0.329604,0.332341,0.328564,0.330272,116560.97307
1558278000,1558281599,0.330299,0.331973,0.325317,0.32762,200959.2524
1558281600,1558285199,0.330007,0.331584,0.327451,0.331133,205173.76563
1558285200,1558288799,0.331103,0.334658,0.33,0.333893,325684.65381
1558288800,1558292399,0.333883,0.334702,0.331001,0.334599,384697.17291
1558292400,1558295999,0.333105,0.335305,0.332699,0.334931,146078.60373
1558296000,1558299599,0.334935,0.334995,0.331,0.333947,189607.44913
1558299600,1558303199,0.33268,0.33787,0.332505,0.335901,218303.95024
1558303200,1558306799,0.335947,0.338,0.3345,0.337499,405800.83847
1558306800,1558310399,0.336621,0.343153,0.3366,0.336786,616548.77179
1558310400,1558313999,0.336814,0.339848,0.316585,0.324304,740753.06308
1558314000,1558317599,0.323791,0.327207,0.318001,0.323484,226513.85109
1558317600,1558321199,0.325023,0.325469,0.319001,0.321785,214954.16981
1558321200,1558324799,0.322211,0.327725,0.320186,0.325594,143013.24079
1558324800,1558328399,0.325666,0.32898,0.325014,0.326846,111652.81881
1558328400,1558331999,0.326665,0.326665,0.321096,0.32458,98674.32663
1558332000,1558335599,0.324565,0.327143,0.320013,0.322225,204646.60183
1558335600,1558339199,0.322226,0.327291,0.318587,0.320046,68715.93363
1558339200,1558342799,0.322503,0.322503,0.316008,0.322297,56293.52297
1558342800,1558346399,0.320494,0.322257,0.317393,0.321613,51795.66381
1558346400,1558349999,0.321604,0.323708,0.318969,0.321644,43834.99793
1558350000,1558353599,0.321641,0.321647,0.3173,0.317387,263322.90602
1558353600,1558357199,0.318906,0.319,0.31,0.313186,534292.79915
1558357200,1558360799,0.311298,0.316773,0.3061,0.316406,155650.02383
1558360800,1558364399,0.314012,0.317983,0.312533,0.317982,307680.29108
1558364400,1558367999,0.317983,0.321385,0.315,0.319982,192691.48644
1558368000,1558371599,0.320002,0.323618,0.317893,0.320751,61540.12298
1558371600,1558375199,0.320621,0.321127,0.316001,0.316452,139694.87481
1558375200,1558378799,0.316001,0.31611,0.313,0.313595,130219.73248
1558378800,1558382399,0.313001,0.318846,0.313001,0.318116,52467.87034
1558382400,1558385999,0.317362,0.323707,0.316602,0.321821,106441.66551
1558386000,1558389599,0.3237,0.326999,0.323,0.323001,117107.74375
1558389600,1558393199,0.323001,0.32566,0.31739,0.319963,207339.63571
1558393200,1558396799,0.319933,0.322085,0.318421,0.32072,39520.51777
1558396800,1558400399,0.319368,0.322078,0.317851,0.318167,59057.09593
1558400400,1558403999,0.31911,0.320979,0.317377,0.319366,69708.6568
1558404000,1558407599,0.318062,0.319064,0.3107,0.314053,180274.38875
1558407600,1558411199,0.31541,0.3163,0.310712,0.3137,127740.00048
1558411200,1558414799,0.313978,0.318214,0.310948,0.315012,153926.00663
1558414800,1558418399,0.316148,0.320174,0.312012,0.318716,79976.94109
1558418400,1558421999,0.318818,0.32195,0.316468,0.318652,53732.62347
1558422000,1558425599,0.3187,0.324102,0.317598,0.320914,73187.83845
1558425600,1558429199,0.321997,0.324087,0.321176,0.323771,25345.9948
1558429200,1558432799,0.323771,0.325,0.322591,0.322732,60384.6737
1558432800,1558436399,0.32275,0.322851,0.319504,0.321898,29042.18321
1558436400,1558439999,0.319847,0.322374,0.315647,0.318901,84745.63306
1558440000,1558443599,0.320643,0.320643,0.317349,0.317377,37454.28374
1558443600,1558447199,0.317385,0.319997,0.316556,0.317846,172354.19969
1558447200,1558450799,0.316777,0.321959,0.316578,0.320158,71364.2696
1558450800,1558454399,0.320439,0.324996,0.319118,0.321425,196280.98807
1558454400,1558457999,0.321375,0.324515,0.32034,0.324515,101852.44488
1558458000,1558461599,0.324002,0.3283,0.324002,0.328299,337646.97907
1558461600,1558465199,0.3283,0.331233,0.327317,0.32934,168681.58444
1558465200,1558468799,0.32934,0.329406,0.325623,0.328106,146140.7391
1558468800,1558472399,0.32935,0.334728,0.328013,0.333706,189893.44834
1558472400,1558475999,0.332166,0.334338,0.330476,0.332262,153155.85652
1558476000,1558479599,0.332999,0.334066,0.330247,0.333,146840.38088
1558479600,1558483199,0.332156,0.33468,0.331474,0.333593,119286.42615
1558483200,1558486799,0.33179,0.333913,0.330178,0.33259,70419.93956
1558486800,1558490399,0.33259,0.334725,0.331731,0.332198,91028.82763
1558490400,1558493999,0.333369,0.3375,0.332247,0.33721,162201.96509
1558494000,1558497599,0.3372,0.3372,0.334235,0.335969,91734.89798
1558497600,1558501199,0.335957,0.336,0.332017,0.335385,179626.99158
1558501200,1558504799,0.335283,0.336,0.33302,0.333099,196205.50153
1558504800,1558508399,0.334681,0.335577,0.332189,0.334235,113148.03071
1558508400,1558511999,0.333132,0.33412,0.330007,0.331437,107337.96562
1558512000,1558515599,0.332901,0.333993,0.330029,0.33269,22845.44352
1558515600,1558519199,0.332875,0.333067,0.33,0.330949,27454.08638
1558519200,1558522799,0.33,0.330912,0.323846,0.325379,27902.32972
1558522800,1558526399,0.326851,0.326851,0.318,0.318799,59951.33733
1558526400,1558529999,0.318799,0.323501,0.3181,0.318985,111383.06788
1558530000,1558533599,0.318748,0.32085,0.31854,0.320048,93000.94191
1558533600,1558537199,0.320049,0.323565,0.318128,0.323417,106159.86627
1558537200,1558540799,0.322034,0.327395,0.320007,0.325949,137124.96973
1558540800,1558544399,0.325113,0.326458,0.322706,0.323892,66394.54623
1558544400,1558547999,0.325176,0.326474,0.320011,0.322688,99143.24363
1558548000,1558551599,0.322749,0.3235,0.320139,0.3235,64047.73605
1558551600,1558555199,0.322658,0.327745,0.321763,0.324425,278445.02925
1558555200,1558558799,0.325847,0.327174,0.308,0.315,523384.14488
1558558800,1558562399,0.314259,0.315,0.30331,0.304615,194128.86028
1558562400,1558565999,0.304581,0.315125,0.300011,0.30583,730763.27399
1558566000,1558569599,0.306987,0.309126,0.300464,0.300464,181413.1589
1558569600,1558573199,0.300832,0.304019,0.299745,0.302891,505324.95676
1558573200,1558576799,0.301899,0.305397,0.300509,0.303,116783.31004
1558576800,1558580399,0.302999,0.306759,0.301298,0.304342,73920.24043
1558580400,1558583999,0.304321,0.304826,0.302475,0.303272,76009.6934
1558584000,1558587599,0.304826,0.307367,0.303201,0.304222,65546.37892
1558587600,1558591199,0.306843,0.307399,0.300529,0.302378,76340.45674
1558591200,1558594799,0.300727,0.302759,0.300002,0.301229,95156.1807
1558594800,1558598399,0.302,0.302838,0.3,0.300002,59535.78612
1558598400,1558601999,0.301431,0.301431,0.293304,0.296098,113878.62189
1558602000,1558605599,0.294354,0.296542,0.2931,0.295449,125963.78135
1558605600,1558609199,0.295507,0.302811,0.295507,0.300702,66936.34556
1558609200,1558612799,0.300899,0.302126,0.298763,0.301894,95002.16043
1558612800,1558616399,0.298341,0.302252,0.296634,0.302252,152942.49571
1558616400,1558619999,0.30088,0.305321,0.30086,0.304429,77923.13161
1558620000,1558623599,0.303,0.305815,0.302303,0.305807,35146.53649
1558623600,1558627199,0.305787,0.306982,0.303634,0.303634,73587.06096
1558627200,1558630799,0.304753,0.308993,0.303649,0.306299,170723.80676
1558630800,1558634399,0.306297,0.308353,0.302306,0.303904,65312.5853
1558634400,1558637999,0.303807,0.304123,0.300001,0.303896,132270.39955
1558638000,1558641599,0.303764,0.303764,0.30073,0.301941,58490.23568
1558641600,1558645199,0.301696,0.307445,0.301114,0.307445,75766.02017
1558645200,1558648799,0.307444,0.315073,0.304766,0.310077,283751.62043
1558648800,1558652399,0.310007,0.316999,0.308089,0.311962,162721.83661
1558652400,1558655999,0.311935,0.315998,0.311935,0.313118,170153.69063
1558656000,1558659599,0.313277,0.319112,0.312986,0.319053,150272.44124
1558659600,1558663199,0.319111,0.3197,0.314164,0.314311,155496.53549
1558663200,1558666799,0.314145,0.315882,0.3107,0.311564,92383.68486
1558666800,1558670399,0.311542,0.315839,0.308106,0.313564,112319.88213
1558670400,1558673999,0.311737,0.314095,0.311346,0.311346,47459.53068
1558674000,1558677599,0.312061,0.312292,0.310113,0.310807,30454.64893
1558677600,1558681199,0.310615,0.315,0.310381,0.315,99782.87464
1558681200,1558684799,0.313916,0.317898,0.313282,0.314645,60510.70933
1558684800,1558688399,0.314645,0.34,0.314645,0.321101,417921.02284
1558688400,1558691999,0.322975,0.323,0.319176,0.319391,84545.95088
1558692000,1558695599,0.319582,0.320998,0.317075,0.319099,74034.74768
1558695600,1558699199,0.316936,0.321,0.316764,0.3195,208376.7244
1558699200,1558702799,0.3195,0.321983,0.317892,0.321905,72570.33708
1558702800,1558706399,0.321879,0.321879,0.316854,0.317211,123899.15057
1558706400,1558709999,0.319156,0.319274,0.317,0.318675,51414.99483
1558710000,1558713599,0.318669,0.318982,0.316007,0.316713,125942.99241
1558713600,1558717199,0.316708,0.318403,0.315401,0.315826,184764.35487
1558717200,1558720799,0.315826,0.317698,0.315,0.316517,91698.08576
1558720800,1558724399,0.31536,0.317306,0.314501,0.316502,85233.24556
1558724400,1558727999,0.316449,0.316449,0.311803,0.315877,103971.96251
1558728000,1558731599,0.314274,0.31618,0.314274,0.31618,163209.90427
1558731600,1558735199,0.31618,0.31618,0.314974,0.316179,147662.88312
1558735200,1558738799,0.31502,0.318,0.314891,0.315934,68963.19507
1558738800,1558742399,0.315935,0.316801,0.312513,0.316532,61028.30498
1558742400,1558745999,0.314272,0.316593,0.31326,0.31326,38649.29836
1558746000,1558749599,0.313559,0.31786,0.313256,0.316806,118805.27613
1558749600,1558753199,0.313951,0.317181,0.313951,0.316117,62993.50598
1558753200,1558756799,0.31615,0.317179,0.315491,0.316911,46378.56493
1558756800,1558760399,0.316328,0.317179,0.315,0.315359,99380.95563
1558760400,1558763999,0.316174,0.316943,0.315,0.3154,74776.94514
1558764000,1558767599,0.3154,0.316255,0.3154,0.316231,82899.50791
1558767600,1558771199,0.316154,0.316254,0.3154,0.315443,22974.95058
1558771200,1558774799,0.315467,0.317167,0.3154,0.317167,8092.43549
1558774800,1558778399,0.316122,0.317179,0.315412,0.317058,13565.24396
1558778400,1558781999,0.317058,0.31718,0.315838,0.317179,36370.11502
1558782000,1558785599,0.317169,0.317999,0.315408,0.315408,37968.44924
1558785600,1558789199,0.315407,0.315956,0.3154,0.315401,38258.58477
1558789200,1558792799,0.315928,0.315956,0.315,0.315956,81599.95346
1558792800,1558796399,0.315956,0.321969,0.315097,0.315649,106808.53539
1558796400,1558799999,0.316076,0.32,0.316076,0.3194,81433.87159
1558800000,1558803599,0.32,0.321064,0.3175,0.319838,153918.92793
1558803600,1558807199,0.31977,0.319788,0.315987,0.318787,63077.78513
1558807200,1558810799,0.31879,0.319499,0.31629,0.317065,36448.95367
1558810800,1558814399,0.318036,0.318544,0.316357,0.317376,20902.92253
1558814400,1558817999,0.318621,0.319999,0.31777,0.319133,21721.64956
1558818000,1558821599,0.319316,0.32,0.317279,0.319972,36945.17322
1558821600,1558825199,0.318398,0.32,0.317224,0.319337,74716.19092
1558825200,1558828799,0.319,0.324958,0.318103,0.324823,144011.71195
1558828800,1558832399,0.323318,0.324829,0.320001,0.32194,115702.03872
1558832400,1558835999,0.321955,0.322087,0.320138,0.320991,34128.79685
1558836000,1558839599,0.322044,0.324252,0.321279,0.323278,90854.53626
1558839600,1558843199,0.322,0.322833,0.31641,0.320131,54174.9471
1558843200,1558846799,0.318901,0.320331,0.316944,0.319726,44113.21663
1558846800,1558850399,0.319361,0.320328,0.31708,0.317106,34896.1
1558850400,1558853999,0.316978,0.321,0.31665,0.321,91553.33946
1558854000,1558857599,0.31976,0.323499,0.31976,0.321212,24209.01686
1558857600,1558861199,0.321847,0.323199,0.320313,0.323199,37604.28659
1558861200,1558864799,0.32305,0.3234,0.321104,0.321502,11098.81341
1558864800,1558868399,0.3215,0.321922,0.317015,0.318392,17194.18016
1558868400,1558871999,0.318498,0.318498,0.312,0.312069,125519.56145
1558872000,1558875599,0.31201,0.316196,0.31017,0.316172,89427.24502
1558875600,1558879199,0.315906,0.317447,0.314064,0.315905,33473.23003
1558879200,1558882799,0.315263,0.317212,0.314373,0.315437,34969.92135
1558882800,1558886399,0.316836,0.317385,0.313561,0.314619,77888.84048
1558886400,1558889999,0.316915,0.316915,0.313699,0.314627,24790.92047
1558890000,1558893599,0.315153,0.316475,0.313181,0.315244,163011.85845
1558893600,1558897199,0.314179,0.316339,0.313122,0.315082,38178.00449
1558897200,1558900799,0.31546,0.326377,0.31546,0.323697,310181.75898
1558900800,1558904399,0.325874,0.332487,0.324029,0.330717,726265.8327
1558904400,1558907999,0.328014,0.330816,0.326001,0.3295,353652.09532
1558908000,1558911599,0.329999,0.3305,0.3295,0.33,334935.16092
1558911600,1558915199,0.33,0.331432,0.329999,0.33,172258.0524
1558915200,1558918799,0.329999,0.3345,0.329999,0.333028,220945.86128
1558918800,1558922399,0.333088,0.335,0.332895,0.334852,182858.1463
1558922400,1558925999,0.334898,0.335,0.329501,0.334477,393715.99522
1558926000,1558929599,0.334409,0.3347,0.331385,0.334,126239.07012
1558929600,1558933199,0.334,0.3347,0.3308,0.334275,167375.58665
1558933200,1558936799,0.3323,0.333953,0.330002,0.331576,88199.58252
1558936800,1558940399,0.331592,0.333285,0.330005,0.330799,91310.58316
1558940400,1558943999,0.331927,0.334,0.33003,0.331975,88600.97794
1558944000,1558947599,0.3318,0.3327,0.330631,0.332549,36289.91129
1558947600,1558951199,0.331151,0.3327,0.330704,0.3323,46669.95515
1558951200,1558954799,0.331297,0.332464,0.330605,0.3324,31170.03163
1558954800,1558958399,0.330983,0.33355,0.330612,0.332133,50886.55418
1558958400,1558961999,0.3323,0.332993,0.3306,0.332366,46217.17025
1558962000,1558965599,0.3323,0.334587,0.331354,0.334587,109177.14393
1558965600,1558969199,0.33434,0.334543,0.331496,0.3315,75858.26456
1558969200,1558972799,0.332078,0.33489,0.331182,0.333554,322425.18323
1558972800,1558976399,0.334734,0.339988,0.32507,0.329773,543970.72088
1558976400,1558979999,0.329718,0.332808,0.325296,0.325706,230188.92156
1558980000,1558983599,0.32871,0.334,0.325708,0.333199,196657.08673
1558983600,1558987199,0.330828,0.334163,0.330828,0.331928,123899.55214
1558987200,1558990799,0.331932,0.334211,0.329257,0.329489,79386.70109
1558990800,1558994399,0.32957,0.337999,0.329369,0.337158,216413.81446
1558994400,1558997999,0.336595,0.337957,0.331712,0.334325,74723.07984
1558998000,1559001599,0.334263,0.337989,0.332698,0.336141,168054.76913
1559001600,1559005199,0.337939,0.34,0.332602,0.334039,220414.13342
1559005200,1559008799,0.334025,0.340869,0.330203,0.33832,260544.34723
1559008800,1559012399,0.338317,0.341017,0.338002,0.338299,120509.73345
1559012400,1559015999,0.339674,0.339769,0.336553,0.33822,85967.58982
1559016000,1559019599,0.337813,0.34,0.337173,0.339997,78735.64574
1559019600,1559023199,0.339995,0.34,0.33836,0.339256,89482.22606
1559023200,1559026799,0.339228,0.339999,0.336512,0.336745,64087.80677
1559026800,1559030399,0.338164,0.338388,0.33515,0.335997,61428.32668
1559030400,1559033999,0.336,0.337243,0.33401,0.334841,45004.69368
1559034000,1559037599,0.336293,0.337707,0.334969,0.336078,34524.08977
1559037600,1559041199,0.336079,0.337442,0.330561,0.333179,86325.21912
1559041200,1559044799,0.333997,0.33522,0.331401,0.334657,102603.90155
1559044800,1559048399,0.333945,0.336881,0.33057,0.33057,118884.90945
1559048400,1559051999,0.33398,0.334,0.326,0.330934,226723.54051
1559052000,1559055599,0.330836,0.333999,0.329001,0.331731,294807.38195
1559055600,1559059199,0.330672,0.33445,0.329004,0.334448,161648.87476
1559059200,1559062799,0.334447,0.33445,0.330641,0.33071,125316.95292
1559062800,1559066399,0.3324,0.336989,0.331504,0.334279,288843.40504
1559066400,1559069999,0.3335,0.335497,0.333219,0.333518,127819.27467
1559070000,1559073599,0.334991,0.33526,0.330001,0.331936,194156.17411
1559073600,1559077199,0.331926,0.334799,0.330135,0.333648,230785.28382
1559077200,1559080799,0.333597,0.335199,0.33248,0.334318,41223.5111
1559080800,1559084399,0.33505,0.339896,0.3333,0.3351,345555.45036
1559084400,1559087999,0.335101,0.337445,0.3351,0.335701,99672.61119
1559088000,1559091599,0.335604,0.339046,0.332001,0.337345,243330.86833
1559091600,1559095199,0.337506,0.339,0.336135,0.338158,119075.6024
1559095200,1559098799,0.336512,0.33783,0.334687,0.33562,84910.49747
1559098800,1559102399,0.335,0.338999,0.333641,0.335282,168915.56316
1559102400,1559105999,0.335438,0.336111,0.334325,0.334325,175531.9823
1559106000,1559109599,0.334326,0.334326,0.323135,0.324461,155395.31
1559109600,1559113199,0.324357,0.329593,0.323311,0.329157,82017.63025
1559113200,1559116799,0.328102,0.329999,0.328061,0.3291,37095.82693
1559116800,1559120399,0.329057,0.331099,0.325517,0.330409,280603.02093
1559120400,1559123999,0.331096,0.33199,0.327883,0.329452,15815.03546
1559124000,1559127599,0.3311,0.334823,0.330234,0.334789,113607.2745
1559127600,1559131199,0.334505,0.334779,0.331152,0.331153,52026.36184
1559131200,1559134799,0.331211,0.332993,0.329102,0.33259,69327.88304
1559134800,1559138399,0.332584,0.337956,0.331425,0.337607,315503.83352
1559138400,1559141999,0.335657,0.338566,0.3344,0.338431,308737.5577
1559142000,1559145599,0.338397,0.349492,0.33689,0.345833,518054.38416
1559145600,1559149199,0.34585,0.35,0.341132,0.349888,324344.60351
1559149200,1559152799,0.349862,0.35,0.346424,0.35,263315.48256
